,mut,"(counter-factual), site + 679 score","(counter-factual), 679 score","(counter-factual), site score",(mask) site score
0,G339H,0.7056605625565,0.6302281547618168,0.07369143433099096,0.07308574958019526
1,R346T,0.8036755945830218,0.19607171548151336,0.6038309863183351,0.5391171010194626
2,K417N,0.957631364801307,0.9531100739916032,0.004327998449600757,0.004009608800510899
3,V445P,0.7981004813157271,0.7944476450276748,0.0037754568988691895,0.0022555271019668423
4,L455F,0.6140972682547159,0.29165162134748596,0.320948980965008,0.332206960678235
5,F456L,0.38318085045403755,0.0007778596035326912,0.38240134023994987,0.3645751112409299
6,E484A,0.9114802798252148,0.9117019183091208,-0.0002478646762883848,-0.0001138616642375743
7,S486P,0.17174029696819393,-0.0006383189628290576,0.17244969204414723,0.04907960288746412
8,Q493R,0.9433633511422903,0.94388869204091,-0.0004557586720387646,-0.0008261887493122437
9,P681H,0.8534734030933532,0.8712280951802652,-0.4591932308874122,-0.0014705708024777952
